{
  "task_easy": {
    "random_baseline": 0.234,
    "heuristic_baseline": 0.898,
    "trained_avg": 1.652,
    "trained_final": 1.7550000000000001,
    "rewards_history": [
      1.5,
      1.5,
      1.5,
      1.7,
      1.5,
      1.5,
      1.5,
      1.5,
      1.8,
      1.7,
      1.7,
      1.5,
      1.5,
      1.5,
      1.5,
      1.5,
      1.5,
      1.8,
      1.5,
      1.5,
      1.5,
      1.5,
      2.3,
      1.5,
      1.7,
      1.7,
      1.9,
      1.7,
      1.5,
      2.1,
      1.7,
      1.5,
      1.5,
      1.5,
      1.9,
      1.5,
      1.7,
      1.5,
      1.7,
      1.5,
      1.5,
      1.9,
      1.5,
      1.9,
      1.5,
      1.9,
      1.5,
      1.9,
      1.5,
      1.7,
      1.5,
      1.5,
      1.7,
      1.5,
      1.7,
      1.7,
      1.7,
      1.9,
      1.5,
      1.5,
      1.7,
      1.5,
      1.7,
      1.7,
      1.5,
      1.7,
      1.5,
      1.7,
      1.5,
      1.5,
      1.5,
      1.5,
      1.5,
      1.5,
      2.0,
      1.7,
      1.5,
      2.1,
      1.7,
      1.5,
      1.5,
      1.6,
      2.1,
      1.5,
      1.5,
      1.9,
      1.5,
      1.7,
      1.7,
      2.1,
      1.9,
      2.1,
      1.5,
      1.7,
      1.7,
      1.9,
      1.7,
      1.7,
      1.9,
      1.9
    ]
  },
  "task_medium": {
    "random_baseline": 0.156,
    "heuristic_baseline": 0.765,
    "trained_avg": 3.3939999999999997,
    "trained_final": 3.3549999999999995,
    "rewards_history": [
      3.4000000000000004,
      3.5,
      3.3,
      3.6,
      3.2,
      3.6999999999999997,
      3.9,
      3.5,
      3.7,
      3.5,
      3.3,
      3.5,
      3.3,
      3.2,
      3.2,
      3.0,
      3.4,
      3.6,
      3.5,
      3.4,
      3.7,
      3.3,
      3.1,
      3.1,
      3.0,
      3.6,
      3.7,
      2.3000000000000007,
      3.5,
      3.2,
      3.2,
      2.5000000000000004,
      3.3,
      3.4,
      3.4000000000000004,
      3.5999999999999996,
      3.2,
      3.2,
      4.0,
      3.2,
      3.0,
      3.0,
      3.2,
      3.2,
      3.8,
      3.1,
      3.6,
      3.4,
      3.3,
      3.4000000000000004,
      4.1,
      4.0,
      2.7,
      3.7,
      3.0,
      3.1,
      3.8000000000000003,
      4.1,
      3.2,
      3.2,
      3.8,
      3.3,
      3.6999999999999997,
      3.3,
      3.5,
      3.8000000000000003,
      3.4,
      3.2,
      3.9000000000000004,
      3.5999999999999996,
      3.5,
      3.4,
      3.8000000000000003,
      3.4,
      3.6999999999999997,
      3.4,
      3.0,
      3.5999999999999996,
      3.6,
      3.3,
      3.4,
      3.0,
      3.6,
      2.3000000000000003,
      3.5,
      2.5,
      3.9,
      3.0,
      3.3,
      3.5,
      3.0,
      3.5,
      3.2,
      3.9,
      3.5,
      2.8000000000000007,
      3.7,
      4.0,
      3.5,
      4.0
    ]
  },
  "task_hard": {
    "random_baseline": 0.098,
    "heuristic_baseline": 0.612,
    "trained_avg": 5.46,
    "trained_final": 5.41,
    "rewards_history": [
      5.8,
      5.3,
      5.300000000000001,
      5.300000000000001,
      5.5,
      5.4,
      5.2,
      6.1000000000000005,
      5.5,
      5.1,
      5.4,
      5.4,
      5.800000000000001,
      5.2,
      5.7,
      5.5,
      5.6,
      5.300000000000001,
      5.6000000000000005,
      6.0,
      5.3,
      5.0,
      5.9,
      5.300000000000001,
      5.2,
      6.200000000000001,
      5.7,
      5.0,
      5.300000000000001,
      5.0,
      5.0,
      5.0,
      5.6,
      5.2,
      5.6,
      5.4,
      5.9,
      5.5,
      5.2,
      5.0,
      5.800000000000001,
      5.4,
      6.0,
      5.800000000000001,
      6.0,
      4.7,
      6.0,
      5.4,
      5.3,
      5.4,
      5.7,
      5.800000000000001,
      6.1000000000000005,
      5.800000000000001,
      5.300000000000001,
      5.9,
      5.800000000000001,
      5.1,
      4.500000000000002,
      5.5,
      5.9,
      6.2,
      5.0,
      5.0,
      5.7,
      5.0,
      5.9,
      5.1,
      5.0,
      5.2,
      5.6000000000000005,
      5.6,
      5.2,
      5.1,
      5.2,
      5.8,
      5.300000000000001,
      4.800000000000001,
      5.6,
      6.000000000000001
    ]
  }
}